"group3","mean_score","sd_score"
"A",71.8539440573226,9.25031259398354
"B",76.2491480646044,6.73901981760444
"C",81.2905819045521,8.34754810191091
