"group","mean_score","sd_score"
"Control",69.6231699517456,7.84824564401532
"Treatment",79.4267066928044,6.68102329355376
